TestCrcCorruption.java,3
TestFileCorruption.java,2
TestReplication.java,2
TestDataNodeVolumeFailure.java,2
FsDatasetSpi.java,3
FsDatasetAsyncDiskService.java,2
FsDatasetImpl.java,15
TokenStorage.java,1
TestTokenStorage.java,1
FSInputChecker.java,2
TestChecksumFileSystem.java,2
hadoop-site,1
FileContextCreateMkdirBaseTest.java,1
HtmlQuoting.java,2
HttpServer2.java,17
TestDFSHAAdminMiniCluster.java,1
FsVolumeList.java,1
BlockReceiver.java,12
ReplicaInPipeline.java,3
ReplicaInPipelineInterface.java,1
SimulatedFSDataset.java,8
ExternalReplicaInPipeline.java,1
TestRbwSpaceReservation.java,3
DistCpSync.java,1
CopyCommitter.java,2
TestDistCpSync.java,1
TestTracing.java,1
AuthenticationFilter.java,4
TestAuthenticationFilter.java,6
StringSignerSecretProvider.java,1
StringSignerSecretProviderCreator.java,1
TestHttpFSServer.java,4
DFSOutputStream.java,23
PipelineAck.java,2
TestDataTransferProtocol.java,2
DatanodeRegistration.java,4
AuthenticationFilterInitializer.java,2
ParameterParser.java,3
WebHdfsHandler.java,2
LengthParam.java,1
TestWebHDFS.java,4
BlockSender.java,7
OfflineImageViewerPB.java,3
MiniKdc.java,4
TestChangeOrgNameAndDomain.java,1
MiniDFSCluster.java,14
TestFileTruncate.java,12
CryptoInputStream.java,1
CryptoOutputStream.java,1
OffsetParam.java,1
TestParameterParser.java,2
FsUsage.java,2
TestDFSShell.java,10
RemoteBlockReader.java,4
DataStorage.java,9
DirectoryScanner.java,3
FsVolumeImpl.java,3
NamenodeFsck.java,5
ExternalDatasetImpl.java,1
TestFsDatasetImpl.java,2
TransferFsImage.java,7
package-info,2
JobHistoryServer.java,2
NodeManager.java,13
ResourceManager.java,13
WebAppProxyServer.java,3
AbstractFileSystem.java,21
TestAfsCheckPath.java,2
URLConnectionFactory.java,1
TestMapFile.java,2
SerializationFactory.java,1
TestSerializationFactory.java,1
Mover.java,3
DFSAdmin.java,14
DFSck.java,1
LsSnapshottableDir.java,1
SnapshotDiff.java,1
BackupImage.java,2
DatanodeInfoWithStorage.java,2
LocatedBlock.java,3
TestDatanodeManager.java,2
NetworkTopology.java,2
NetworkTopologyWithNodeGroup.java,3
DatanodeManager.java,10
TestDecommission.java,8
FSDataInputStream.java,2
HdfsDataInputStream.java,2
DFSInputStream.java,22
RpcProgramNfs3.java,19
HadoopArchives.java,2
FSAppAttempt.java,1
FairScheduler.java,30
TestFairScheduler.java,31
ReplicaInputStreams.java,1
FSDirDeleteOp.java,1
FSDirRenameOp.java,2
FSDirectory.java,25
INode.java,6
INodeDirectory.java,9
INodeFile.java,9
INodeMap.java,3
INodeReference.java,6
INodeSymlink.java,3
INodeWithAdditionalFields.java,1
AbstractINodeDiffList.java,2
DirectorySnapshottableFeature.java,2
DirectoryWithSnapshotFeature.java,2
FileDiffList.java,1
FileWithSnapshotFeature.java,2
TestAclWithSnapshot.java,1
TestNestedSnapshots.java,2
TestRenameWithSnapshots.java,5
TestSnapshotDeletion.java,4
TestXAttrWithSnapshot.java,1
KMSACLs.java,1
KMSConfiguration.java,2
TestKMSACLs.java,1
AsyncDataService.java,9
OpenFileCtx.java,7
WriteManager.java,3
hdfs-default,11
-D,1
FSImage.java,22
ImageServlet.java,3
TestStandbyCheckpoints.java,11
BlockPoolSliceScanner.java,12
DataBlockScanner.java,5
DataNode.java,32
TestDatanodeBlockScanner.java,6
TestCorruptFilesJsp.java,1
NameNodeRpcServer.java,18
NameNode.java,23
DatanodeStorage.java,2
TestDFSUpgradeFromImage.java,3
TestDatanodeLayoutUpgrade.java,1
TestDatanodeStartupFixesLegacyStorageIDs.java,1
UpgradeUtilities.java,4
HttpServerFunctionalTest.java,4
TestHttpServer.java,12
TestSSLHttpServer.java,3
MAPREDUCE-6210. Use getApplicationAttemptId() instead of getApplicationID() for logging AttemptId in RMContainerAllocator.java,1
HDFS-7583. Fix findbug in TransferFsImage.java,1
TestFetchImage.java,2
Graph.java,2
TestMapReduce.java,1
TestNMClient.java,4
JMXJsonServlet.java,3
TestJMXJsonServlet.java,2
Hdfs.java,2
{TestTextCommand.java => TestHdfsTextCommand.java,1
FSNamesystem.java,83
BlockManager.java,39
ReconfigurationServlet.java,1
Display.java,6
TFile.java,3
TFileDumper.java,1
ShellBasedIdMapping.java,1
NativeLibraryChecker.java,1
FileContext.java,19
HttpFSFileSystem.java,3
HttpsFSFileSystem.java,1
CheckUploadContentTypeFilter.java,1
HttpFSAuthenticationFilter.java,1
HttpFSExceptionProvider.java,1
HttpFSServer.java,4
HttpFSServerWebApp.java,1
XException.java,1
BaseService.java,1
Server.java,26
FileSystemReleaseFilter.java,1
HostnameFilter.java,2
MDCFilter.java,1
ServerWebApp.java,1
Check.java,1
ConfigurationUtils.java,1
Parameters.java,1
PrivilegedNfsGatewayStarter.java,1
BlockReaderFactory.java,1
JournalNode.java,4
Storage.java,4
BlockPoolSlice.java,3
ExceptionHandler.java,2
FSDirStatAndListingOp.java,1
FSImageUtil.java,1
FileJournalManager.java,7
XAttrPermissionFilter.java,3
DelimitedImageVisitor.java,2
FSImageHandler.java,1
FSImageLoader.java,1
FileDistributionCalculator.java,1
FileDistributionVisitor.java,2
LsImageVisitor.java,2
PBImageXmlWriter.java,4
TestEncryptionZones.java,2
TestSnapshot.java,4
TestOfflineImageViewer.java,5
TestMiniKdc.java,2
UserGroupInformation.java,27
ThrottledInputStream.java,1
ReplicaNotFoundException.java,1
BlockInfo.java,4
KeyAuthorizationKeyProvider.java,2
TestKMS.java,4
TestNameNodeMXBean.java,2
HdfsServerConstants.java,3
SimpleHttpProxyHandler.java,1
BlockIdManager.java,1
CodecPool.java,2
TestCodecPool.java,1
LineRecordReader.java,3
TestLineRecordReader.java,3
RpcUtil.java,1
ByteArrayManager.java,1
TestHFlush.java,1
TestByteArrayManager.java,1
TestBalancer.java,7
Nfs3FileAttributes.java,1
Nfs3Utils.java,3
NameNodeConnector.java,3
Balancer.java,9
Dispatcher.java,2
QueueCLI.java,1
TestYarnCLI.java,10
TestUGILoginFromKeytab.java,1
TestCheckpoint.java,22
SaslDataTransferServer.java,1
MemoryTimelineStore.java,1
TimelineStoreTestUtils.java,1
BlockInfoUnderConstruction.java,5
TestBlockInfo.java,3
TestBlockInfoUnderConstruction.java,1
TestBlockManager.java,4
TestDatanodeDescriptor.java,1
TestHeartbeatHandling.java,1
TestCommitBlockSynchronization.java,3
TestSecurityUtil.java,7
HADOOP-11271. Use Time.monotonicNow() in Shell.java,1
ContainerExecutor.java,3
TestContainerExecutor.java,1
TestAuditLogger.java,1
TestRollingUpgrade.java,2
blockStoragePolicy-default,1
DFSTestUtil.java,15
WebHdfsFileSystem.java,14
container-executor,5
TestMissingBlocksAlert.java,1
IdentityHashStore.java,1
TestSnapshotFileLength.java,2
IdMappingConstant.java,1
Nfs3Constant.java,1
NfsConfiguration.java,3
HdfsConstants.java,4
BlockStoragePolicySuite.java,1
TestBlockStoragePolicy.java,1
hadoop-common,36
ShortCircuitRegistry.java,2
HADOOP-11236. NFS: Fix javadoc warning in RpcProgram.java,1
RpcProgram.java,4
TestTextCommand.java,1
CacheReplicationMonitor.java,3
IdUserGroup.java,4
NfsConfigKeys.java,3
WriteCtx.java,1
TestWrites.java,3
JobBuilder.java,2
LayoutVersion.java,2
TestLayoutVersion.java,2
BlockPlacementPolicyDefault.java,8
DatanodeDescriptor.java,6
DatanodeStorageInfo.java,3
HeartbeatManager.java,3
BlockManagerTestUtil.java,2
hadoop-hdfs,17
TestHdfsServerConstants.java,1
TestNameNodeOptionParsing.java,1
ChecksumFileSystem.java,8
FSImageFormat.java,12
FSImageFormatProtobuf.java,3
NNStorage.java,8
TestFSImageWithSnapshot.java,1
TestOpenFilesWithSnapshot.java,2
DFSClient.java,23
TestFileAppend3.java,3
TestStorageMover.java,1
FileSystemApplicationHistoryStore.java,2
TestFileSystemApplicationHistoryStore.java,3
mapred-default,16
DistCpOptionSwitch.java,1
TestByteRangeInputStream.java,2
2jobs2min-rumen,2
KeyProviderCryptoExtension.java,3
TestKeyProviderCryptoExtension.java,3
TestKeyAuthorizationKeyProvider.java,1
VersionMismatchException.java,1
MetricsDynamicMBeanBase.java,1
DiskChecker.java,1
Gridmix.java,4
StreamJob.java,3
RMCommunicator.java,2
RMContainerAllocator.java,5
ResourceCalculatorUtils.java,1
TestRMContainerAllocator.java,7
Resources.java,1
TestCryptoCodec.java,1
Client.java,31
TestDSSleepingAppMaster.java,1
TestDistributedShell.java,14
DelegationTokenAuthenticationFilter.java,1
TestWebDelegationToken.java,2
DefaultImpersonationProvider.java,1
TestProxyUsers.java,1
GenericOptionsParser.java,8
TestGenericOptionsParser.java,6
RMAppManager.java,3
RMAppImpl.java,16
TestRMRestart.java,12
TestRMAppTransitions.java,11
KMSClientProvider.java,5
BPOfferService.java,14
BPServiceActor.java,9
BlockPoolSliceStorage.java,5
TestDataNodeRollingUpgrade.java,2
ReplicaBeingWritten.java,1
ReplicaInfo.java,1
FsVolumeSpi.java,1
TestDirectoryScanner.java,3
TestWriteToReplica.java,1
TestHDFSServerPorts.java,1
TestValidateConfigurationSettings.java,4
TestDelegationTokensWithHA.java,7
TestHAMetrics.java,1
TestHAStateTransitions.java,2
TestTools.java,1
FileBasedKeyStoresFactory.java,5
TestSnapshotDiffReport.java,3
EncryptionZoneWithId.java,1
EncryptionFaultInjector.java,1
EncryptionZoneManager.java,1
DelegationTokenSecretManager.java,7
NamenodeWebHdfsMethods.java,7
MapTask.java,5
TestFileAppend4.java,4
TestStartup.java,7
DelegationTokenAuthenticatedURL.java,1
DelegationTokenAuthenticationHandler.java,1
DelegationTokenAuthenticator.java,1
...egationTokenAuthenticationHandlerWithMocks.java,1
TestJobHistoryEventHandler.java,3
JobHistoryUtils.java,4
TestKeyProviderFactory.java,5
KMSRESTConstants.java,1
KMS.java,1
KMSAudit.java,1
KMSJMXServlet.java,2
TestKMSAudit.java,1
JavaKeyStoreProvider.java,6
KeyShell.java,5
TestKeyShell.java,5
KMSCacheKeyProvider.java,1
KeyProvider.java,4
UserProvider.java,5
Credentials.java,4
KeyProviderFactory.java,1
TestKeyProvider.java,1
yarn-default,6
EmbeddedElectorService.java,3
TestDFSRename.java,1
TestRMHA.java,4
DataXceiver.java,10
TestBlockReplacement.java,2
OracleDBRecordReader.java,1
TestDbClasses.java,1
DataXceiverServer.java,3
TestDeleteRace.java,3
TestPipelinesFailover.java,2
JobImpl.java,8
TestJobImpl.java,3
JobHistoryEventHandler.java,3
TestHistoryFileManager.java,2
ApplicationHistoryServer.java,1
TestApplicationHistoryServer.java,1
RMAuthenticationFilterInitializer.java,1
TestResourceManager.java,4
...RMWebServicesDelegationTokenAuthentication.java,1
InputFormat.java,3
CompositeInputFormat.java,2
Job.java,3
MergeManagerImpl.java,4
TaskCompletionEvent.java,2
TestGridmixRecord.java,2
HdfsFileStatus.java,2
HdfsLocatedFileStatus.java,1
NetgroupCache.java,1
TestNetgroupCache.java,1
TestRpcProgramNfs3.java,2
WebAppUtils.java,2
TestWebAppUtils.java,1
Configuration.java,21
TestConfiguration.java,13
RMStateStore.java,3
RMAppNewSavedEvent.java,1
RMAppUpdateSavedEvent.java,1
RMAppAttemptImpl.java,19
RMAppAttemptNewSavedEvent.java,1
RMAppAttemptUpdateSavedEvent.java,1
RMStateStoreTestBase.java,3
TestRMAppAttemptTransitions.java,13
TestAMRestart.java,7
DFSUtil.java,16
Schedulable.java,2
ComputeFairShares.java,1
TestFairSchedulerFairShare.java,1
TestDecommissioningStatus.java,2
hadoop-metrics2,3
DFSConfigKeys.java,20
TestDFSUtil.java,11
CredentialShell.java,4
TestCredShell.java,3
TestDiskError.java,2
AppSchedulingInfo.java,4
TestReplicationPolicy.java,4
TestFileAppend.java,2
TestRetryCacheWithHA.java,3
HftpFileSystem.java,10
HsftpFileSystem.java,4
TestHftpFileSystem.java,5
SecurityUtil.java,12
TestDFSClientFailover.java,3
Delete.java,3
TestGenericRefresh.java,1
TestRefreshCallQueue.java,2
TestBlockRecovery.java,4
FileSystem.java,24
ClientProtocol.java,9
HDFS-4629. Using com.sun.org.apache.xml.internal.serialize.* in XmlEditsVisitor.java,1
XmlEditsVisitor.java,1
TestINodeFile.java,6
LocalContainerLauncher.java,3
YarnChild.java,2
Task.java,4
AMSimulator.java,1
MRAMSimulator.java,1
NMSimulator.java,1
ResourceSchedulerWrapper.java,1
TaskRunner.java,1
TestSLSRunner.java,1
TestAMSimulator.java,1
TestNMSimulator.java,1
TestDatanodeConfig.java,2
hadoop-0,1
TestWebHDFSForHA.java,5
TestNNStorageRetentionManager.java,6
ChRootedFs.java,3
ViewFileSystem.java,5
ViewFs.java,5
ViewFileSystemBaseTest.java,3
ViewFsBaseTest.java,3
NfsExports.java,2
RpcProgramMountd.java,3
TestDFVariations.java,5
TestPathData.java,1
DFSZKFailoverController.java,2
hadoop-yarn,11
TestClientAccessPrivilege.java,1
FSEditLog.java,14
FSEditLogLoader.java,12
FSEditLogOp.java,6
XAttrNameParam.java,1
FSXAttrBaseTest.java,1
TestNamenodeRetryCache.java,3
TestParam.java,5
Stat.java,2
TestStat.java,2
SWebHdfsFileSystem.java,3
TestHttpFSPorts.java,1
AbstractYarnScheduler.java,2
CapacityScheduler.java,10
FifoScheduler.java,9
TestApplicationCleanup.java,9
HAUtil.java,3
NameNodeProxies.java,4
DatanodeWebHdfsMethods.java,4
TestDFSAdminWithHA.java,1
BZip2Codec.java,2
CompressionCodec.java,1
CompressionInputStream.java,1
CompressionOutputStream.java,1
DefaultCodec.java,2
GzipCodec.java,2
Lz4Codec.java,1
SnappyCodec.java,2
DatanodeProtocolClientSideTranslatorPB.java,4
NamenodeProtocolTranslatorPB.java,3
TestFileCreation.java,7
TestIsMethodSupported.java,1
TestNfs3Utils.java,2
AppAddedSchedulerEvent.java,2
AppAttemptAddedSchedulerEvent.java,1
TestFifoScheduler.java,7
TestWorkPreservingRMRestart.java,2
FairSchedulerTestBase.java,4
TestLocalContainerLauncher.java,1
DrainDispatcher.java,1
ProtobufRpcEngine.java,3
WritableRpcEngine.java,3
TestRPC.java,10
TestNfsExports.java,2
DataNodeTestUtils.java,4
MountdBase.java,2
Nfs3Base.java,2
SimpleUdpClient.java,1
FooterBlock.java,1
GetApplicationsRequestPBImpl.java,2
TestGetApplicationsRequest.java,2
DFSClientFaultInjector.java,3
TestPread.java,6
RMApp.java,4
RMAppMetrics.java,1
RMAppAttempt.java,4
RMAppAttemptMetrics.java,1
RMContainerImpl.java,6
AppBlock.java,1
AppInfo.java,2
MockAM.java,4
MockAsm.java,4
MockRMApp.java,3
TestCapacityScheduler.java,6
TestLeafQueue.java,9
TestRMWebServicesApps.java,3
AclEntry.java,2
TestAclCommands.java,1
TestPipeApplication.java,1
Times.java,1
TestTimes.java,1
TestShortCircuitLocalRead.java,5
ClientRMService.java,7
TestClientRMService.java,6
ZKRMStateStore.java,6
ShortCircuitCache.java,3
TestShortCircuitCache.java,1
TestDeleteBlockPool.java,1
TestContainersMonitor.java,4
TestHttpCookieFlag.java,1
XAttr.java,1
TestRMWebServicesAppsModification.java,1
MoveCommands.java,2
TestMove.java,1
TestMetadataVersionOutput.java,1
CredentialsSys.java,1
SecurityHandler.java,1
SysSecurityHandler.java,1
CommandWithDestination.java,2
TestCopyPreserveFlag.java,1
TestRM.java,10
Shell.java,7
TestSocketIOWithTimeout.java,3
TestBPOfferService.java,6
FSImageFormatPBINode.java,3
FSImageSerialization.java,2
FileUnderConstructionFeature.java,1
CreateEditsLog.java,3
TestEditLog.java,5
AllocationConfiguration.java,2
AllocationFileLoaderService.java,3
FSLeafQueue.java,10
DelegationTokenIdentifier.java,2
TestWebHdfsTokens.java,2
TestDiskspaceQuotaUpdate.java,2
HostUtil.java,2
MetricsSourceAdapter.java,1
MetricsSystemImpl.java,1
DefaultMetricsSystem.java,2
MBeans.java,1
TestMetricsSystemImpl.java,4
dev-support,12
Nfs3Interface.java,1
TestFrameDecoder.java,2
Nfs3.java,1
TestReaddir.java,1
ServiceAuthorizationManager.java,7
TestSnapshotBlocksMap.java,4
TaskAttemptImpl.java,6
TestMRApp.java,2
KerberosAuthenticationHandler.java,1
GraphiteSink.java,1
TestGraphiteMetrics.java,1
TestCacheDirectives.java,4
RetryInvocationHandler.java,4
TestUserGroupInformation.java,13
TestResourceTrackerOnHA.java,1
RegisterNodeManagerRequest.java,1
RegisterNodeManagerRequestPBImpl.java,2
TestProtocolRecords.java,1
TestRegisterNodeManagerRequest.java,1
NodeStatusUpdaterImpl.java,8
ResourceTrackerService.java,6
RMAppEventType.java,2
...iredEvent.java => RMAppRunningOnNodeEvent.java,1
RMAppAttemptEventType.java,2
RMNodeImpl.java,7
RMNodeStartedEvent.java,1
MockNM.java,3
MockRM.java,9
TestRMNodeTransitions.java,6
MapFile.java,4
SequenceFile.java,5
SetFile.java,3
WritableComparator.java,3
TestWritable.java,2
JobConf.java,4
CompositeRecordReader.java,2
WrappedRecordReader.java,2
TestFairSchedulerPreemption.java,3
TestFSDirectory.java,1
HAAdmin.java,2
TestRMAdminCLI.java,1
FSOperations.java,2
HttpFSParametersProvider.java,2
BaseTestHttpFSWith.java,1
TestHttpFSServerNoACLs.java,1
TestHdfsHelper.java,1
LdapGroupsMapping.java,3
SchedulingMonitor.java,1
ProportionalCapacityPreemptionPolicy.java,1
TestProportionalCapacityPreemptionPolicy.java,1
TestGridMixClasses.java,1
BlockReportTestBase.java,1
TestNetUtils.java,8
INodeDirectorySnapshottable.java,3
TestSnapshotCommands.java,1
SchedulerApplicationAttempt.java,5
AppSchedulable.java,11
AvailableSpaceVolumeChoosingPolicy.java,1
TestAvailableSpaceVolumeChoosingPolicy.java,1
HADOOP-10647. String Format Exception in SwiftNativeFileSystemStore.java,1
SwiftNativeFileSystemStore.java,1
YarnConfiguration.java,9
TestWebAppProxyServer.java,3
KeyStoreTestUtil.java,2
TestSSLFactory.java,3
TestStandbyBlockManagement.java,1
FairSchedulerAppsBlock.java,3
TestRMWebAppFairScheduler.java,1
SchedulingPolicy.java,3
DominantResourceFairnessPolicy.java,2
FairSharePolicy.java,3
FifoPolicy.java,4
TestAllocationFileLoaderService.java,3
SerializedExceptionPBImpl.java,1
TestSerializedExceptionPBImpl.java,1
HtmlPage.java,1
TestSubViews.java,1
TestHtmlPage.java,1
FileSystemAccessService.java,1
core-default,17
TaskLog.java,2
FSParentQueue.java,3
FSQueue.java,4
FSSchedulerApp.java,3
FakeSchedulable.java,1
TestBlockReaderFactory.java,2
MiniQJMHACluster.java,2
TestFailureToReadEdits.java,4
ACCESS3Response.java,1
FairSchedulerConfiguration.java,7
DeleteOpParam.java,1
PutOpParam.java,1
FsAclPermission.java,1
CacheDirectiveIterator.java,1
CacheManager.java,3
CacheAdmin.java,3
TestBalancerWithNodeGroup.java,1
HttpServer.java,22
InvalidateBlocks.java,3
TestIdUserGroup.java,1
ShellBasedUnixGroupsMapping.java,3
Merger.java,3
QueuePlacementRule.java,2
dfs-dust,1
CheckpointConf.java,1
NNStorageRetentionManager.java,5
SecondaryNameNode.java,23
StandbyCheckpointer.java,7
AbstractINodeDiff.java,1
FileDiff.java,1
Snapshot.java,1
SnapshotFSImageFormat.java,2
SnapshotManager.java,4
DepthCounter.java,1
ImageLoader.java,1
ImageLoaderCurrent.java,5
ImageVisitor.java,3
IndentedImageVisitor.java,2
NameDistributionVisitor.java,1
OfflineImageViewer.java,2
TextWriterImageVisitor.java,2
XmlImageVisitor.java,2
HttpOpParam.java,1
WebHdfsTestUtil.java,2
TestRetryProxy.java,2
EnumSetParam.java,1
LeaseRenewer.java,3
...ientNamenodeProtocolServerSideTranslatorPB.java,6
ClientNamenodeProtocolTranslatorPB.java,8
INodesInPath.java,2
DFSClientAdapter.java,3
TestAbandonBlock.java,1
TestLease.java,1
TestLeaseRenewer.java,2
TestPersistBlocks.java,3
TestRenameWhileOpen.java,1
TestSetrepDecreasing.java,1
TestSetrepIncreasing.java,1
TestHASafeMode.java,5
TestDFSFinalize.java,1
JarFinder.java,1
TestAMAuthorization.java,4
AbstractDelegationTokenSecretManager.java,12
PathIOException.java,1
TestPathExceptions.java,1
PendingDataNodeMessages.java,1
FsDatasetUtil.java,1
TestPendingCorruptDnMessages.java,1
SaslPropertiesResolver.java,1
CompositeService.java,2
AdminService.java,4
TestRMEmbeddedElector.java,1
CommonConfigurationKeys.java,5
HDFSPolicyProvider.java,1
BlockPoolManager.java,2
MiniDFSNNTopology.java,1
TestDataNodeMultipleRegistrations.java,2
MRAppMaster.java,10
TestSecondaryWebUi.java,3
HardLink.java,1
TestHardLink.java,1
TestJobClient.java,2
TestSpeculativeExecutionWithMRApp.java,2
StorageLocation.java,1
HealthMonitor.java,1
ZKFailoverController.java,4
TestZKFailoverController.java,2
SleepJob.java,4
RandomTextWriter.java,2
TestDoAsEffectiveUser.java,4
DataTransferThrottler.java,3
MetricsSink.java,1
MetricsSinkAdapter.java,1
FileSink.java,1
TestFileSink.java,1
TestFileUtil.java,9
TestNodeHealthService.java,2
TestAMRMRPCNodeUpdates.java,2
TestMapReduceJobControl.java,1
-,2
RetryCache.java,1
TestFileJournalManager.java,6
HistoryServerFileSystemStateStoreService.java,1
FileNameIndexUtils.java,3
JobIndexInfo.java,2
TestBloomMapFile.java,2
ContainerImpl.java,3
TestContainer.java,4
FileSystemRMStateStore.java,2
FSDownload.java,2
TestPipesNonJavaInputFormat.java,1
TestAMRMTokens.java,3
FsDatasetCache.java,2
MappableBlock.java,1
NameNodeMetrics.java,1
TestSafeMode.java,1
TestContainerAllocation.java,5
ApplicationMaster.java,9
TestBlockPoolSliceStorage.java,1
MetricsConfig.java,1
TestGangliaMetrics.java,1
ByteRangeInputStream.java,1
TestWebHdfsFileSystemContract.java,7
HostFileManager.java,2
TestDatanodeRegistration.java,3
TestHostFileManager.java,1
NNThroughputBenchmark.java,7
ClientDatanodeProtocol.java,1
ClientDatanodeProtocolPB.java,1
ClientNamenodeProtocolPB.java,1
DatanodeProtocolPB.java,1
InterDatanodeProtocolPB.java,1
JournalProtocolPB.java,1
NamenodeProtocolPB.java,1
QJournalProtocol.java,4
QJournalProtocolPB.java,1
GetJournalEditServlet.java,1
JournalNodeHttpServer.java,3
NameNodeHttpServer.java,11
BootstrapStandby.java,5
DatanodeProtocol.java,3
InterDatanodeProtocol.java,1
JournalProtocol.java,1
NamenodeProtocol.java,3
DFSHAAdmin.java,2
GetGroups.java,2
TestStartSecureDataNode.java,1
TestGetImageServlet.java,4
TestSecureNameNodeWithExternalKdc.java,1
TestMoveApplication.java,1
DF.java,4
DistCp.java,2
DistCpConstants.java,1
DistCpOptions.java,1
SimpleCopyListing.java,1
TestCopyListing.java,1
TestDistCpSystem.java,1
TestDistCpViewFs.java,1
TestFileBasedCopyListing.java,1
TestGlobbedCopyListing.java,1
TestIntegration.java,1
TestOptionsParser.java,2
TestCopyCommitter.java,2
TestUniformSizeInputFormat.java,2
TestDynamicInputFormat.java,1
Limits.java,1
TestStreamingTaskLog.java,2
TestRMAdminService.java,5
TestPseudoAuthenticator.java,1
SnapshotInfo.java,1
SnapshottableDirectoryStatus.java,1
SnapshotStatsMXBean.java,1
TestSnapshotStatsMXBean.java,1
TestFileNameIndexUtils.java,2
RetryCacheMetrics.java,1
TestRetryCacheMetrics.java,1
RMContextImpl.java,4
RMWebServices.java,2
DelegationTokenRenewer.java,4
TestDelegationTokenRenewer.java,5
TestDelegationTokenRenewerLifecycle.java,1
QuorumJournalManager.java,4
JNStorage.java,2
Journal.java,6
NNUpgradeUtil.java,1
TestJournal.java,1
RetryUtils.java,1
StorageInfo.java,2
SaslRpcClient.java,2
Constants.java,1
AggregatedLogFormat.java,3
MapReduceChildJVM.java,1
TestMapReduceChildJVM.java,2
TestResourceTrackerService.java,9
TestAggregatedLogFormat.java,4
WebAppProxyServlet.java,2
TestWebAppProxyServlet.java,3
EditLogTailer.java,4
TokenAspect.java,2
TestDatanodeWebHdfsMethods.java,1
TestFsLimits.java,1
TestSnapshotNameWithInvalidCharacters.java,1
AMRMClientImpl.java,4
NMTokenSecretManagerInRM.java,2
AuthFilter.java,1
TestAuthFilter.java,1
AsyncDispatcher.java,1
TestFsDatasetCache.java,1
InetSocketAddressParam.java,1
...AddressParam.java => NamenodeAddressParam.java,1
DatanodeProtocolServerSideTranslatorPB.java,2
StorageReceivedDeletedBlocks.java,1
TestIncrementalBrVariations.java,1
MAPREDUCE-4052,1
TestUnmanagedAMLauncher.java,3
TestAMRMClientAsync.java,2
TestNMClientAsync.java,1
TestAHSClient.java,1
TestAMRMClient.java,2
TestTimelineClient.java,1
TestYarnClient.java,5
TestLogsCLI.java,1
TestContainerLaunchRPC.java,2
TestRPCFactories.java,7
TestRecordFactory.java,6
TestRpcFactoryProvider.java,2
TestAllocateRequest.java,1
TestAllocateResponse.java,1
TestApplicationAttemptId.java,1
TestApplicationId.java,1
TestContainerId.java,1
TestContainerResourceDecrease.java,1
TestContainerResourceIncrease.java,1
TestContainerResourceIncreaseRequest.java,1
TestNodeId.java,1
TestTimelineRecords.java,1
TestYarnConfiguration.java,1
TestRPCUtil.java,1
TestApplicationClassLoader.java,1
TestFSDownload.java,4
TestApplicationHistoryClientService.java,1
TestMemoryApplicationHistoryStore.java,1
TestAHSWebApp.java,1
TestAHSWebServices.java,1
TestTimelineWebServices.java,1
TestYSCRPCFactories.java,1
TestYSCRecordFactory.java,1
TestZKClient.java,1
TestDefaultContainerExecutor.java,1
TestLinuxContainerExecutor.java,1
TestLinuxContainerExecutorWithMocks.java,2
TestNMAuditLogger.java,1
TestNodeManagerResync.java,5
TestNodeManagerShutdown.java,3
TestPBRecordImpl.java,1
BaseContainerManagerTest.java,2
TestAuxServices.java,1
TestContainerManager.java,3
TestApplication.java,1
TestContainerLaunch.java,8
TestLocalCacheDirectoryManager.java,1
TestLocalResourcesTrackerImpl.java,1
TestResourceLocalizationService.java,3
TestLogAggregationService.java,3
TestCgroupsLCEResourcesHandler.java,2
TestProcessIdFileReader.java,1
TestNMWebServices.java,2
QueueACLsTestBase.java,1
TestAppManager.java,2
TestApplicationACLs.java,1
TestApplicationMasterService.java,3
TestClientRMTokens.java,2
TestRMAuditLogger.java,1
TestSubmitApplicationWithRMHA.java,1
TestRMApplicationHistoryWriter.java,1
TestAMLaunchFailure.java,1
TestAMRMRPCResponseId.java,1
TestASMStateMachine.java,1
TestApplicationMasterExpiry.java,1
TestFSRMStateStore.java,1
TestResourceWeights.java,1
TestNMExpiry.java,2
TestNMReconnect.java,2
TestParentQueue.java,3
TestQueueParsing.java,1
TestComputeFairShares.java,1
TestFairSchedulerConfiguration.java,1
TestFairSchedulerEventLog.java,2
TestClientToAMTokens.java,1
TestContainerManagerSecurity.java,3
TestDiskFailures.java,1
TestRMNMSecretKeys.java,1
TestAmFilter.java,1
TestFetcher.java,2
ShortCircuitReplica.java,2
TestEnhancedByteBufferAccess.java,2
BlockReaderTestUtil.java,1
DummyInputFormat.java,1
SliveMapper.java,1
SlivePartitioner.java,1
SliveReducer.java,1
BlockStorageLocationUtil.java,2
DataNodeFaultInjector.java,1
TestDistributedFileSystem.java,4
TestCallQueueManager.java,1
DataInputBuffer.java,1
ReduceContextImpl.java,2
InMemoryReader.java,3
LargeSorter.java,1
TestLargeSort.java,1
MapredTestDriver.java,1
BlockReaderLocal.java,5
TestRead.java,1
TestIncrementalBlockReports.java,2
FairSchedulerPage.java,4
FSNamesystemLock.java,1
RwLock.java,2
NodeStatusUpdater.java,3
MockNodeStatusUpdater.java,1
TestNodeStatusUpdater.java,8
TestBlockReaderLocal.java,2
HasEnhancedByteBufferAccess.java,1
DomainSocketWatcher.java,1
DfsClientShmManager.java,1
ApplicationCLI.java,6
SharedFileDescriptorFactory.java,1
Count.java,5
FSAclBaseTest.java,1
FileSystemBasedConfigurationProvider.java,1
ApplicationMasterService.java,6
RMZKUtils.java,1
TestZKRMStateStoreZKClientConnections.java,1
MiniMRCluster.java,3
MiniMRYarnCluster.java,3
TestHftpDelegationToken.java,2
TestTokenAspect.java,1
AclTransformation.java,1
FsUrlStreamHandlerFactory.java,2
TestUrlStreamHandler.java,1
TestUrlStreamHandlerFactory.java,1
MRClientService.java,4
TestAMWebApp.java,2
WebApps.java,4
AmFilterInitializer.java,1
TaskAttemptListenerImpl.java,2
JspHelper.java,4
TestJspHelper.java,3
MiniYARNCluster.java,5
ClientCache.java,1
Progress.java,1
TestProgress.java,1
TestStagingCleanup.java,3
LoadGenerator.java,3
LsrPBImage.java,2
ClusterMetrics.java,2
NodesListManager.java,4
LeafQueue.java,11
DataNodeCluster.java,1
TestInjectionForSimulatedStorage.java,1
TestReadOnlySharedStorage.java,1
TestQueuePlacementPolicy.java,2
Allocation.java,2
RMAppAttemptContainerAllocatedEvent.java,2
FiCaSchedulerApp.java,3
FileDataServlet.java,4
TestHttpsFileSystem.java,3
FSImageFormatPBSnapshot.java,2
TestWebHdfsWithAuthenticationFilter.java,1
TestBackupNode.java,4
FSMainOperationsBaseTest.java,3
FileContextTestHelper.java,3
FileSystemTestHelper.java,3
TestFcHdfsCreateMkdir.java,2
TestFcHdfsPermission.java,3
TestFcHdfsSetUMask.java,2
TestHDFSFileContextMainOperations.java,3
TestResolveHdfsSymlink.java,2
TestSymlinkHdfsDisable.java,2
TestViewFileSystemAtHdfsRoot.java,2
TestViewFileSystemHdfs.java,3
TestViewFsAtHdfsRoot.java,3
TestViewFsHdfs.java,3
TestFSMainOperationsWebHdfs.java,2
PathUtils.java,1
TestDeduplicationMap.java,1
TestFSImageStorageInspector.java,2
web-apps,1
TestWebHdfsDataLocality.java,2
JobHistoryParser.java,1
TestJobHistoryParsing.java,1
Globber.java,6
TestGlobPaths.java,8
NodeManagerMetrics.java,1
S3FileSystem.java,2
NativeS3FileSystem.java,4
S3FileSystemContractBaseTest.java,2
NativeS3FileSystemContractBaseTest.java,4
NonAggregatingLogHandler.java,2
TestNonAggregatingLogHandler.java,2
FSClusterStats.java,1
TestReplicationPolicyConsiderLoad.java,1
core-site,3
ContainerLaunchFailAppMaster.java,2
TestDSFailedAppMaster.java,1
HttpConfig.java,2
TestHttpPolicy.java,1
TestNameNodeHttpServer.java,3
SecureDataNodeStarter.java,5
TestReplicationPolicyWithNodeGroup.java,1
TestCompositeService.java,2
InterfaceStability.java,1
TestFSOutputSummer.java,2
LeaseManager.java,3
YarnClientImpl.java,4
DelegationTokenFetcher.java,1
MaxRunningAppsEnforcer.java,2
TestMaxRunningAppsEnforcer.java,2
HttpRequestLog.java,1
ComparableVersion.java,1
VersionUtil.java,1
TestVersionUtil.java,1
ConfServlet.java,2
AdminAuthorizedServlet.java,1
{HttpServer.java => HttpServer2.java,1
LogLevel.java,1
MetricsServlet.java,2
TestGlobalFilter.java,2
TestHtmlQuoting.java,4
TestHttpServerLifecycle.java,3
TestHttpServerWebapps.java,2
TestPathFilter.java,1
TestServletFilter.java,3
TestLogLevel.java,1
GetImageServlet.java,6
TestTransferFsImage.java,2
SnapshotTestHelper.java,1
TestJobEndNotifier.java,2
WebApp.java,1
WebAppProxy.java,2
Jets3tNativeFileSystemStore.java,1
QueuePlacementPolicy.java,1
TestNetworkedJob.java,1
TypeConverter.java,4
TestTypeConverter.java,3
LinuxContainerExecutor.java,1
BlockPlacementPolicyWithNodeGroup.java,1
JHAdminConfig.java,1
HistoryFileManager.java,2
BlockReader.java,1
BlockCollection.java,1
RpcMetrics.java,1
TestConfigurationDeprecation.java,4
QueueMetrics.java,4
SchedulerApplication.java,1
TestQueueMetrics.java,2
JsonUtil.java,5
TestJsonUtil.java,2
ActiveStandbyElector.java,5
PortmapRequest.java,1
DFSClientCache.java,2
PseudoAuthenticationHandler.java,1
TestPseudoAuthenticationHandler.java,1
TestMRWithDistributedCache.java,2
WrappedReducer.java,1
GetConf.java,2
TestGetConf.java,2
HarFileSystem.java,15
TestHarFileSystemBasics.java,2
TaskImpl.java,1
TaskPage.java,2
TasksBlock.java,1
TasksPage.java,1
TaskAttemptInfo.java,1
TaskInfo.java,2
MockJobs.java,4
TestAMWebServicesAttempts.java,1
TestAMWebServicesTasks.java,1
TaskReport.java,2
TaskReportPBImpl.java,2
HsTaskPage.java,1
TestBlocks.java,1
TestHsWebServicesAttempts.java,1
TestHsWebServicesTasks.java,1
DatanodeJspHelper.java,5
ReflectionUtils.java,3
AggregatedLogsBlock.java,1
TestAggregatedLogsBlock.java,1
AppLogAggregatorImpl.java,1
TestFileContextResolveAfs.java,2
TestSnapshotPathINodes.java,1
TestLinuxResourceCalculatorPlugin.java,2
TestWindowsBasedProcessTree.java,1
TestWindowsResourceCalculatorPlugin.java,1
TestYarnVersionInfo.java,1
capacity-scheduler,2
BookKeeperJournalManager.java,3
AsyncLogger.java,3
AsyncLoggerSet.java,3
IPCLoggerChannel.java,4
QJournalProtocolServerSideTranslatorPB.java,3
QJournalProtocolTranslatorPB.java,3
JournalNodeRpcServer.java,3
BackupJournalManager.java,3
JournalSet.java,4
LogsPurgeable.java,3
TestNNWithQJM.java,2
TestQuorumJournalManager.java,3
NameNodeAdapter.java,3
TestGenericJournalConf.java,3
TestBootstrapStandbyWithQJM.java,2
PartialJob.java,2
HsJobBlock.java,1
HsJobsBlock.java,1
JobInfo.java,1
MockHistoryJobs.java,3
VerifyJobsUtils.java,1
BasicInetPeer.java,1
DomainPeer.java,1
EncryptedPeer.java,1
NioInetPeer.java,1
Peer.java,1
TestParallelShortCircuitReadUnCached.java,1
TestPeerCache.java,1
FairSchedulerEventLog.java,1
TestFixedLengthInputFormat.java,2
TrashPolicyDefault.java,4
RawLocalFileSystem.java,14
FCStatisticsBaseTest.java,2
TestLocalFsFCStatistics.java,1
LightWeightGSet.java,2
QueueManager.java,4
FairSchedulerLeafQueueInfo.java,2
TestFSSchedulerApp.java,1
INodeDirectoryWithSnapshot.java,5
dust-helpers,1
FSOutputSummer.java,2
Log4jPropertyHelper.java,1
AppsBlock.java,1
NavBlock.java,1
RmController.java,1
TestRMWebApp.java,1
TestJMXGet.java,1
CapacitySchedulerPage.java,3
SchedulerPageUtil.java,1
TestListCorruptFileBlocks.java,3
ContainerLaunch.java,4
TestFetchFailure.java,2
TestUberAM.java,1
KerberosAuthenticator.java,5
AuthenticatorTestCase.java,2
ContainerLocalizer.java,2
TestContainerLocalizer.java,1
DefaultSpeculator.java,3
INodeFileUnderConstructionWithSnapshot.java,2
INodeFileWithSnapshot.java,2
INodeFileUnderConstruction.java,2
TestSchedulingMonitor.java,1
StartupProgress.java,1
TestStartupProgress.java,1
TestMRAMWithNonNormalizedCapabilities.java,1
HdfsConfiguration.java,1
ConfigUtil.java,2
Logalyzer.java,1
DistributedCacheEmulator.java,3
TestDFSClientExcludedNodes.java,1
TestDatanodeJsp.java,4
TestCheckpointsWithSnapshots.java,1
sample-conf,1
AMRMClient.java,1
NMClient.java,1
NMTokenCache.java,1
ContainerManagementProtocolProxy.java,1
NMClientImpl.java,2
TestJobHistoryUtils.java,1
TestJobHistory.java,2
TestAddBlockRetry.java,2
TestHadoopArchives.java,1
{TestQueueACLs.java => QueueACLsTestBase.java,1
TestCapacitySchedulerQueueACLs.java,1
TestFairSchedulerQueueACLs.java,1
Queue.java,1
ParentQueue.java,1
TestTextOutputFormat.java,1
TestCopyMapper.java,1
DefaultContainerExecutor.java,3
TeraSort.java,1
...irectoryListingStartAfterNotFoundException.java,1
CapacitySchedulerQueueInfo.java,1
TestRMWebServicesCapacitySched.java,1
fair-scheduler,1
TestShuffleProvider.java,1
MRJobConfig.java,2
TestDFSOutputStream.java,1
SaslRpcServer.java,3
SecretManager.java,2
TestHarFileSystem.java,5
Application.java,1
LightWeightHashSet.java,2
TestFsShellCopy.java,2
CopyCommands.java,3
CgroupsLCEResourcesHandler.java,1
RetryPolicies.java,2
RetriableException.java,1
SafeModeException.java,1
CMgrCompletedContainersEvent.java,1
ContainerManagerImpl.java,3
RegisterApplicationMasterRequest.java,3
MRApp.java,3
NamenodeJspHelper.java,5
TestNameNodeJspHelper.java,2
Token.java,3
FileChecksumServlets.java,4
part-0,1
URL.java,2
URLPBImpl.java,2
ConverterUtils.java,1
TestConverterUtils.java,1
JobClient.java,3
test-container,1
JSONUtil.java,1
CombineFileInputFormat.java,4
FinishApplicationMasterRequest.java,2
TestRMAppAttemptImpl.java,2
TestMRJobClient.java,3
FSQueueMetrics.java,1
TestEmptyQueues.java,1
federation-background,1
TestNativeIO.java,3
RollingLogs.java,1
RollingLogsImpl.java,1
TestDFSClientRetries.java,6
TestLossyRetryInvocationHandler.java,1
ClusterMetricsInfo.java,2
TestRMWebServices.java,3
ClientService.java,1
TestMRAppComponentDependencies.java,1
InputSampler.java,1
TokenIdentifier.java,1
HdfsAuditLogger.java,1
TestTaskAttempt.java,4
FileUtil.java,13
VersionInfo.java,2
TestIPC.java,12
SchedulerNode.java,3
FiCaSchedulerNode.java,2
FSSchedulerNode.java,3
RMContext.java,2
ApplicationConstants.java,1
ContainersLauncher.java,1
MyTestJAXBContextResolver.java,1
MyTestWebService.java,1
TestWebApp.java,1
Path.java,4
TestLocalFileSystem.java,7
TestPath.java,4
JobSubmissionFiles.java,2
TestActiveStandbyElector.java,3
TestActiveStandbyElectorRealZK.java,1
GetDelegationTokenRequest.java,1
CapacitySchedulerConfiguration.java,2
FiCaSchedulerUtils.java,1
MockNodes.java,1
TestChildQueueOrder.java,1
TestUtils.java,2
PathData.java,1
CommandExecutor.java,1
LocalJobRunner.java,1
SnapshotCommands.java,1
NodesPage.java,1
TestFsck.java,6
TestSnapshotRename.java,2
FSImageTestUtil.java,3
TestBootstrapStandby.java,1
common-version,1
TestDFSIO.java,2
BackupStore.java,1
FSWrapper.java,1
FileContextTestWrapper.java,1
FileSystemTestWrapper.java,1
RawLocalFs.java,3
FSTestWrapper.java,1
SymlinkBaseTest.java,1
TestSymlinkLocalFS.java,1
TestSymlinkLocalFSFileContext.java,1
TestSymlinkLocalFSFileSystem.java,1
FileSystemLinkResolver.java,1
DistributedFileSystem.java,11
PortmapInterface.java,1
RpcProgramPortmap.java,1
ShutdownThreadsHelper.java,1
TestShutdownThreadsHelper.java,1
PBHelper.java,8
WrappedMapper.java,1
TestMRJobs.java,3
InvalidContainerReleaseException.java,1
RMServerUtils.java,1
SchedulerUtils.java,2
FsShellPermissions.java,6
TestFsShellReturnCode.java,7
UnmanagedAMLauncher.java,3
ClientRMProxy.java,1
YarnClient.java,3
RMProxy.java,1
ServerRMProxy.java,1
AMLauncher.java,2
MockRMWithCustomAMLauncher.java,1
TestApplicationMasterLauncher.java,1
TestSchedulerUtils.java,2
TestPermission.java,4
TestPermissionSymlinks.java,1
NotRunningJob.java,4
ResourceMgrDelegate.java,4
TestClientServiceDelegate.java,4
ApplicationReport.java,2
ApplicationReportPBImpl.java,3
TestApplicatonReport.java,1
BuilderUtils.java,3
TestNonExistentJob.java,1
StringUtils.java,3
DNConf.java,1
TestInterDatanodeProtocol.java,2
TokenCache.java,2
TestTokenCache.java,4
MAPREDUCE-5412,1
DatanodeInfo.java,3
SnapshotAccessControlException.java,1
SnapshotException.java,1
TestDisallowModifyROSnapshot.java,1
TestSnapshotManager.java,1
ApplicationClientProtocol.java,1
ApplicationMasterProtocol.java,1
ContainerManagementProtocol.java,1
InvalidApplicationMasterRequestException.java,1
InvalidContainerException.java,1
InvalidResourceBlacklistRequestException.java,1
InvalidResourceRequestException.java,1
NMNotYetReadyException.java,1
DeletionService.java,1
ResourceLocalizationService.java,2
TestDeletionService.java,1
TestNodeManagerReboot.java,2
AuxServices.java,1
HttpFSKerberosAuthenticator.java,1
NodeHealthScriptRunner.java,1
hadoop-mapreduce,3
TestMRAsyncDiskService.java,1
MiniMRClientClusterFactory.java,3
TestSaslRPC.java,4
TestCreateEditsLog.java,1
GenerateDistCacheData.java,3
GridmixJob.java,2
CommonJobTest.java,1
TestDistCacheEmulation.java,1
NativeIO.java,3
JniBasedUnixGroupsMapping.java,1
TestNetworkTopologyWithNodeGroup.java,1
RegisterApplicationMasterResponsePBImpl.java,2
test-untar,1
CLI.java,2
TestCLI.java,2
TestNNStorageRetentionFunctional.java,2
ChecksumFs.java,5
TestClose.java,1
TestMultiThreadedHflush.java,2
FSPermissionChecker.java,4
StateMachineFactory.java,2
VisualizeStateMachine.java,1
YarnVersionAnnotation.java,1
YarnVersionInfo.java,1
YARNRunner.java,6
ClientRMSecurityInfo.java,1
{RMTokenSelector.java => RMDelegationTokenSelector.java,1
TestShellCommandFencer.java,2
NamenodeProtocolServerSideTranslatorPB.java,2
BackupNode.java,4
HostsFileReader.java,2
TestStickyBit.java,1
TestDFSPermission.java,3
TestInfoBlock.java,2
TestTaskLog.java,1
FileContextMainOperationsBaseTest.java,9
TestFcHdfsSymlink.java,1
...TestINodeFileUnderConstructionWithSnapshot.java,1
TestRBWBlockInvalidation.java,6
TestMetaSave.java,1
TestRMNMInfo.java,1
TestRMWebServicesNodes.java,2
TestDataDirs.java,1
INodeDirectoryWithQuota.java,1
TestShell.java,2
ViewFileSystemTestSetup.java,2
ViewFsTestSetup.java,2
FilterFs.java,2
TestChRootedFs.java,2
JvmMetricsInfo.java,1
MyApp.java,1
DelegationKey.java,2
TestDelegationToken.java,5
hdfs-site,2
RMContainerRequestor.java,2
AMAttemptInfo.java,2
MRAppBenchmark.java,2
TestMRAppMaster.java,3
TestContainerLauncher.java,4
TestContainerLauncherImpl.java,3
TestLocalContainerAllocator.java,1
TestAMWebServicesJobs.java,1
MRApps.java,3
TestHSWebApp.java,2
TestHsWebServicesJobs.java,2
ClientServiceDelegate.java,2
TestMRJobsWithHistoryService.java,3
TestQueue.java,1
LocalFileSystem.java,1
TestAllowFormat.java,1
TestFSNamesystem.java,2
TestNNThroughputBenchmark.java,1
TestNameEditsConfigs.java,3
TestLargeBlock.java,4
TestWebHdfsUrl.java,1
TestStorageRestore.java,1
hadoop-22,1
OfflineEditsBinaryLoader.java,1
TestEditLogJournalFailures.java,1
TestFileArgs.java,1
TestMultipleArchiveFiles.java,1
TestMultipleCachefiles.java,1
TestStreamXmlRecordReader.java,2
TestStreaming.java,1
TestStreamingKeyValue.java,1
TestStreamingOutputKeyValueTypes.java,2
TestSymLink.java,1
GenericTestUtils.java,4
FileInputStreamCache.java,1
PlatformName.java,1
DummyHAService.java,1
BufferedFSInputStream.java,1
TestShuffleHandler.java,2
CheckpointFaultInjector.java,3
SpillRecord.java,1
ShuffleHandler.java,1
MRClientProtocol.java,3
MRClientProtocolPBClientImpl.java,4
MRClientProtocolPBServiceImpl.java,3
MRDelegationTokenRenewer.java,2
HistoryClientService.java,2
TestClientRedirect.java,2
TestResourceMgrDelegate.java,1
TestJHSSecurity.java,2
CommonConfigurationKeysPublic.java,2
NetUtils.java,11
TestSocketFactory.java,2
TestDFSZKFailoverController.java,1
ShuffleScheduler.java,1
RMDelegationTokenSecretManager.java,1
AllocateResponse.java,2
PreemptionContainer.java,1
PreemptionContract.java,1
PreemptionMessage.java,1
PreemptionResourceRequest.java,1
StrictPreemptionContract.java,1
AllocateResponsePBImpl.java,2
PreemptionContainerPBImpl.java,1
PreemptionContractPBImpl.java,1
PreemptionMessagePBImpl.java,1
PreemptionResourceRequestPBImpl.java,1
StrictPreemptionContractPBImpl.java,1
ResourceManagerConstants.java,1
TestEventFlow.java,1
RMAppManagerEventType.java,2
RMAppManagerSubmitEvent.java,2
httpfs-default,1
TestHsWebServices.java,1
TestRMNMRPCResponseId.java,2
MiniJournalCluster.java,1
TestDataTransferKeepalive.java,3
WebServicesTestUtils.java,2
ApplicationSubmissionContext.java,2
FileOutputFormat.java,2
TestFileOutputFormat.java,1
ContainerLauncherImpl.java,2
ContainerRemoteLaunchEvent.java,1
ProcfsBasedProcessTree.java,4
job-1329348468601,2
TestDFSUpgrade.java,2
MRConfig.java,2
ExampleDriver.java,1
TrApp.java,1
MetricsFilter.java,1
TestPatternFilter.java,1
NodeAction.java,1
NodeManagerEventType.java,2
TestBlockPoolManager.java,1
TestHDFSFileSystemContract.java,1
MockitoUtil.java,1
TestSetTimes.java,1
RMAdminProtocolPBClientImpl.java,3
LocalizationProtocolPBClientImpl.java,1
TestYARNRunner.java,1
TestLdapGroupsMapping.java,1
FilterFileSystem.java,4
TestFileSystemCanonicalization.java,1
QuorumCall.java,1
LocalClientProtocolProvider.java,3
TestStreamReduceNone.java,1
LoggedTaskAttempt.java,1
ParsedHost.java,1
HistoryEventEmitter.java,1
ParsedTask.java,1
LogAggregationService.java,1
CompressionEmulationUtil.java,3
LoadJob.java,4
TestCompressionEmulationUtils.java,3
CumulativeCpuUsageEmulatorPlugin.java,3
TotalHeapUsageEmulatorPlugin.java,3
TestGridmixMemoryEmulation.java,3
TestResourceUsageEmulators.java,3
JobFactory.java,2
ZombieJob.java,1
LinuxResourceCalculatorPlugin.java,3
ResourceCalculatorPlugin.java,2
LinuxMemoryCalculatorPlugin.java,1
MemoryCalculatorPlugin.java,1
TestProcfsBasedProcessTree.java,4
ResourceUsageEmulatorPlugin.java,2
ResourceUsageMatcher.java,2
DummyResourceCalculatorPlugin.java,1
TestGridmixSummary.java,2
Fetcher.java,1
TestHsWebServicesJobsQuery.java,2
FSImagePreTransactionalStorageInspector.java,1
FSImageStorageInspector.java,1
FSImageTransactionalStorageInspector.java,1
LogVerificationAppender.java,1
TestNodeCount.java,1
Namesystem.java,1
HAContext.java,1
TestStandbyIsHot.java,2
ProtocMojo.java,1
TestHftpURLTimeouts.java,1
JobCounterInfo.java,1
DNS.java,1
InfoBlock.java,1
NodeCLI.java,3
TestNameNodeMetrics.java,3
SplitMetaInfoReader.java,1
ClassUtil.java,1
TestClassUtil.java,1
TestJobConf.java,1
TestCombineFileInputFormat.java,3
PositionedReadable.java,1
TrashPolicy.java,1
BytesWritable.java,1
Text.java,2
Buffer.java,1
RecordOutput.java,1
OfflineEditsXmlLoader.java,1
XMLUtils.java,1
OfflineEditsViewerHelper.java,2
TestXMLUtils.java,1
FromCpp.java,1
RecordBench.java,1
TestBuffer.java,1
TestRecordIO.java,1
TestRecordVersioning.java,1
ToCpp.java,1
TestIO.java,1
TestChainMapReduce.java,1
TestClientProtocolProviderImpls.java,2
VersionInfoMojo.java,1
TestListFiles.java,4
TestFileLengthOnClusterRestart.java,3
TestListFilesInDFS.java,2
GetGroupsTestBase.java,2
TestHostsFiles.java,1
ConnectTimeoutException.java,1
CheckpointSignature.java,2
TestSecondaryNameNodeUpgrade.java,2
TestKeyValueTextInputFormat.java,1
Errno.java,1
OnDiskMapOutput.java,2
TestMerger.java,2
TaggedInputSplit.java,2
TestHostnameFilter.java,1
NotificationTestCase.java,1
DelegateToFileSystem.java,1
ChRootedFileSystem.java,3
TestChRootedFileSystem.java,2
TestFcMainOperationsLocalFs.java,1
DistributedPentomino.java,2
RPCCallBenchmark.java,1
hadoop-distcp,1
BackupState.java,2
FakeRenewer.java,1
RemoteBlockReader2.java,4
DataTransferProtocol.java,1
Receiver.java,2
Sender.java,2
TestParallelRead.java,1
TestParallelReadUtil.java,2
ClientNamenodeProtocolServerSideTranslatorPB.java,3
TestPBHelper.java,4
FileStatus.java,3
FTPFileSystem.java,2
FsPermission.java,7
FileContextPermissionBase.java,3
TestFileStatus.java,1
TestLocalFSFileContextMainOperations.java,3
TestLocalFileSystemPermission.java,3
CSAssignment.java,1
HdfsProtoUtil.java,3
DataTransferEncryptor.java,1
DataTransferProtoUtil.java,3
TestHdfsProtoUtil.java,2
TestDFSRollback.java,2
CancelDelegationTokenRequestPBImpl.java,2
GetDelegationTokenResponsePBImpl.java,1
RenewDelegationTokenRequestPBImpl.java,2
NodeManagerEvent.java,1
RMAdminProtocolPB.java,2
HSClientProtocol.java,1
MRDelegationTokenIdentifier.java,1
CancelDelegationTokenRequest.java,1
CancelDelegationTokenResponse.java,1
RenewDelegationTokenRequest.java,1
RenewDelegationTokenResponse.java,1
CancelDelegationTokenResponsePBImpl.java,1
RenewDelegationTokenResponsePBImpl.java,1
Cluster.java,1
...ientDatanodeProtocolServerSideTranslatorPB.java,1
ClientDatanodeProtocolTranslatorPB.java,1
SortedRanges.java,1
PriorityPBImpl.java,2
ResourceCalculatorProcessTree.java,1
TestResourceCalculatorProcessTree.java,1
ContainersMonitorImpl.java,2
DU.java,1
TestDU.java,2
TestWebHdfsWithMultipleNameNodes.java,1
SocketCache.java,1
TestFileSystemInitialization.java,1
JniBasedUnixGroupsMappingWithFallback.java,1
TestMRApps.java,2
TestVolumeId.java,1
TestNameNodeRecovery.java,5
TestUserProvider.java,3
UserParam.java,3
NNHAStatusHeartbeat.java,1
UTF8.java,3
TestUTF8.java,2
Checkpointer.java,1
TestSeekBug.java,2
MapTaskStatus.java,1
TestLeaseRecovery.java,1
StringParam.java,1
NoCacheFilter.java,1
CorruptReplicasMap.java,1
UnderReplicatedBlocks.java,1
TestDatanodeDeath.java,1
TestFileAppend2.java,1
GetDelegationTokenServlet.java,1
MetaRecoveryContext.java,1
EventFetcher.java,1
Shuffle.java,1
TestEventFetcher.java,1
TestTaskAttemptListenerImpl.java,1
TestRuntimeEstimators.java,1
CompletedJob.java,1
PendingReplicationBlocks.java,1
TestPendingReplication.java,1
BuiltInGzipDecompressor.java,2
TestCodec.java,7
TestVLong.java,2
TestAuditLogs.java,3
RecordFactoryProvider.java,2
RpcFactoryProvider.java,2
YarnRemoteExceptionFactoryProvider.java,2
TestUnderReplicatedBlocks.java,1
TestApplicationTokens.java,1
TestKerberosAuthenticator.java,1
TestMultipleNNDataBlockScanner.java,2
JournalManager.java,2
PacketReceiver.java,2
TestPacketReceiver.java,1
ContextFactory.java,1
MetricsContext.java,1
MetricsException.java,1
MetricsRecord.java,1
AbstractMetricsContext.java,1
MetricsRecordImpl.java,1
DataChecksum.java,1
TestYarnClientProtocolProvider.java,1
WordMean.java,1
WordMedian.java,1
WordStandardDeviation.java,1
TestWordStats.java,1
HashingDistributionPolicy.java,1
IdentityLocalAnalysis.java,1
LineDocInputFormat.java,1
LineDocLocalAnalysis.java,1
LineDocRecordReader.java,1
LineDocTextAndOp.java,1
RoundRobinDistributionPolicy.java,1
LuceneIndexFileNameFilter.java,1
LuceneUtil.java,1
MixedDeletionPolicy.java,1
MixedDirectory.java,1
RAMDirectoryUtil.java,1
ShardWriter.java,1
UpdateIndex.java,1
DocumentAndOp.java,1
DocumentID.java,1
IDistributionPolicy.java,1
IIndexUpdater.java,1
ILocalAnalysis.java,1
IndexUpdateCombiner.java,1
IndexUpdateConfiguration.java,1
IndexUpdateMapper.java,1
IndexUpdatePartitioner.java,1
IndexUpdateReducer.java,1
IntermediateForm.java,1
TestMixedDirectory.java,1
TestDistributionPolicy.java,1
TestIndexUpdater.java,1
KerberosUtil.java,1
TestKerberosUtil.java,1
TestNMWebServicesApps.java,1
YarnCLI.java,1
RMAdminProtocol.java,2
RefreshAdminAclsRequest.java,1
RefreshAdminAclsResponse.java,1
RefreshNodesRequest.java,1
RefreshNodesResponse.java,1
RefreshQueuesRequest.java,1
RefreshQueuesResponse.java,1
RefreshServiceAclsRequest.java,1
RefreshServiceAclsResponse.java,1
...RefreshSuperUserGroupsConfigurationRequest.java,1
...efreshSuperUserGroupsConfigurationResponse.java,1
RefreshUserToGroupsMappingsRequest.java,1
RefreshUserToGroupsMappingsResponse.java,1
RefreshAdminAclsRequestPBImpl.java,1
RefreshAdminAclsResponsePBImpl.java,1
RefreshNodesRequestPBImpl.java,1
RefreshNodesResponsePBImpl.java,1
RefreshQueuesRequestPBImpl.java,1
RefreshQueuesResponsePBImpl.java,1
RefreshServiceAclsRequestPBImpl.java,1
RefreshServiceAclsResponsePBImpl.java,1
...hSuperUserGroupsConfigurationRequestPBImpl.java,1
...SuperUserGroupsConfigurationResponsePBImpl.java,1
RefreshUserToGroupsMappingsRequestPBImpl.java,1
RefreshUserToGroupsMappingsResponsePBImpl.java,1
RMAdmin.java,3
GetGroupsForTesting.java,2
TestGetGroups.java,2
RMAdminProtocolPBServiceImpl.java,2
AdminSecurityInfo.java,2
RMPolicyProvider.java,1
TestHdfsNativeCodeLoader.java,1
LoadSnappy.java,1
SnappyCompressor.java,1
SnappyDecompressor.java,1
NativeCodeLoader.java,1
TestViewFsURIs.java,1
MutableQuantiles.java,1
SecondarySort.java,1
BlocksMap.java,1
HdfsVolumeId.java,1
ExitUtil.java,1
RMAppFinishedAttemptEvent.java,1
MRBuilderUtils.java,1
OptionsParser.java,1
EditLogFileOutputStream.java,6
EditsDoubleBuffer.java,1
TestEditLogFileOutputStream.java,4
TestRMContainerImpl.java,2
AllocateRequest.java,2
Trash.java,4
TestTrash.java,5
TestHDFSTrash.java,2
CopyMapper.java,1
RetriableFileCopyCommand.java,1
AMRMProtocolPBClientImpl.java,2
ClientRMProtocolPBClientImpl.java,2
ContainerManagerPBClientImpl.java,3
TestCredentials.java,1
TestJob.java,1
TestModTime.java,1
MAPREDUCE-4600. TestTokenCache.java,1
TestTaskAttemptContainerRequest.java,1
TestFSEditLogLoader.java,3
TestFileInputFormat.java,1
FailoverController.java,3
UpgradeCommand.java,1
TestFSInputChecker.java,1
IOUtils.java,6
TestIOUtils.java,5
TestHDFSCLI.java,1
PacketHeader.java,1
TestFuseDFS.java,1
hadoop-assemblies,1
TestDFSMkdirs.java,1
TestHAAppend.java,1
Mkdir.java,2
TestTFileByteArrays.java,2
TestGetFileBlockLocations.java,1
InputStreamEntity.java,2
BlockTokenSecretManager.java,1
hadoop-tools,1
ServletUtil.java,1
TestHostsFileReader.java,1
TestBlocksWithNotEnoughRacks.java,2
TestRestartDFS.java,1
TestDatanodeRestart.java,1
TestParallelImageWrite.java,1
PermissionStatus.java,1
AbstractDelegationTokenIdentifier.java,2
TestText.java,1
EditLogFileInputStream.java,3
StreamLimiter.java,2
TestEditLogsDuringFailover.java,1
MiniDFSClusterManager.java,1
TestFailureOfSharedDir.java,1
Util.java,1
hadoop-policy,1
TeraInputFormat.java,1
TestHAConfiguration.java,1
TestQuota.java,2
BookKeeperEditLogInputStream.java,2
FSEditLogTestUtil.java,1
EditLogBackupInputStream.java,2
EditLogInputStream.java,1
MultiFileWordCount.java,1
GetUserMappingsProtocolPB.java,1
LightWeightLinkedSet.java,1
TestLightWeightHashSet.java,1
TestViewFileSystemDelegationTokenSupport.java,1
SaveNamespaceContext.java,1
Canceler.java,1
TestSaveNamespace.java,1
CompressionCodecFactory.java,2
AvgRecordFactory.java,1
ClusterSummarizer.java,1
EchoUserResolver.java,1
ExecutionSummarizer.java,1
FilePool.java,1
FileQueue.java,1
GenerateData.java,1
GridmixJobSubmissionPolicy.java,1
GridmixKey.java,1
GridmixRecord.java,1
GridmixSplit.java,1
InputStriper.java,1
IntermediateRecordFactory.java,1
JobCreator.java,1
JobMonitor.java,1
JobSubmitter.java,2
LoadSplit.java,1
Progressive.java,1
PseudoLocalFs.java,1
RandomAlgorithms.java,1
RandomTextDataGenerator.java,1
ReadRecordFactory.java,1
RecordFactory.java,2
ReplayJobFactory.java,1
RoundRobinUserResolver.java,1
SerialJobFactory.java,1
StatListener.java,1
Statistics.java,1
StressJobFactory.java,1
SubmitterUserResolver.java,1
Summarizer.java,1
UserResolver.java,1
DebugJobFactory.java,1
DebugJobProducer.java,1
GridmixTestUtils.java,1
TestFilePool.java,1
TestFileQueue.java,1
TestHighRamJob.java,1
TestPseudoLocalFs.java,1
TestRandomAlgorithm.java,1
TestRandomTextDataGenerator.java,1
TestUserResolve.java,1
Block.java,1
TestStateTransitionFailure.java,2
hadoop-env,2
TestTableMapping.java,1
FsDatasetTestUtil.java,1
WritableUtils.java,2
TestWritableUtils.java,1
fuse-dfs,1
TestInitializeSharedEdits.java,1
TestHarFileSystemWithHA.java,1
InterDatanodeProtocolServerSideTranslatorPB.java,1
InterDatanodeProtocolTranslatorPB.java,1
TestOverReplicatedBlocks.java,1
DatanodeID.java,1
TestReplaceDatanodeOnFailure.java,1
NotInMountpointException.java,1
NamespaceInfo.java,1
HAServiceTarget.java,1
ContainerLauncher.java,1
TestPendingDataNodeMessages.java,1
TestFailoverController.java,1
TestGetBlocks.java,1
TestDFSHAAdmin.java,1
git-svn,345
hadoop-setup,1
MockApps.java,1
BlockPlacementPolicy.java,1
hadoop-dist,1
EventReader.java,1
EventWriter.java,1
AvroYarnRPC.java,1
IndexCache.java,1
TestIndexCache.java,1
mapred-site,1
CustomOutputCommitter.java,1
WrappedPeriodicStatsAccumulator.java,1
WrappedProgressSplitsBlock.java,1
JobSummary.java,1
JobCounterUpdateEvent.java,1
ContainerFailedEvent.java,1
FailTaskAttemptRequest.java,1
FailTaskAttemptResponse.java,1
GetCountersRequest.java,1
GetCountersResponse.java,1
GetDiagnosticsRequest.java,1
GetDiagnosticsResponse.java,1
GetJobReportRequest.java,1
GetJobReportResponse.java,1
GetTaskAttemptCompletionEventsRequest.java,1
GetTaskAttemptCompletionEventsResponse.java,1
GetTaskAttemptReportRequest.java,1
GetTaskAttemptReportResponse.java,1
GetTaskReportRequest.java,1
GetTaskReportResponse.java,1
GetTaskReportsRequest.java,1
GetTaskReportsResponse.java,1
KillJobRequest.java,1
KillJobResponse.java,1
KillTaskAttemptRequest.java,1
KillTaskAttemptResponse.java,1
KillTaskRequest.java,1
KillTaskResponse.java,1
FailTaskAttemptRequestPBImpl.java,1
FailTaskAttemptResponsePBImpl.java,1
GetCountersRequestPBImpl.java,1
GetCountersResponsePBImpl.java,1
GetDiagnosticsRequestPBImpl.java,1
GetDiagnosticsResponsePBImpl.java,1
GetJobReportRequestPBImpl.java,1
GetJobReportResponsePBImpl.java,1
...etTaskAttemptCompletionEventsRequestPBImpl.java,1
...tTaskAttemptCompletionEventsResponsePBImpl.java,1
GetTaskAttemptReportRequestPBImpl.java,1
GetTaskAttemptReportResponsePBImpl.java,1
GetTaskReportRequestPBImpl.java,1
GetTaskReportResponsePBImpl.java,1
GetTaskReportsRequestPBImpl.java,1
GetTaskReportsResponsePBImpl.java,1
KillJobRequestPBImpl.java,1
KillJobResponsePBImpl.java,1
KillTaskAttemptRequestPBImpl.java,1
KillTaskAttemptResponsePBImpl.java,1
KillTaskRequestPBImpl.java,1
KillTaskResponsePBImpl.java,1
Counter.java,1
CounterGroup.java,1
Counters.java,2
JobId.java,1
JobReport.java,1
Phase.java,1
TaskAttemptCompletionEvent.java,1
TaskAttemptCompletionEventStatus.java,1
TaskAttemptId.java,1
TaskAttemptReport.java,1
TaskAttemptState.java,1
TaskId.java,1
TaskState.java,1
CounterGroupPBImpl.java,1
CounterPBImpl.java,1
CountersPBImpl.java,1
JobReportPBImpl.java,1
TaskAttemptCompletionEventPBImpl.java,1
TaskAttemptIdPBImpl.java,1
TaskAttemptReportPBImpl.java,1
JHConfig.java,1
MRProtoUtils.java,1
QueueRefresher.java,1
HsView.java,1
FailMapper.java,1
AMRMProtocol.java,1
ClientRMProtocol.java,1
FinishApplicationMasterResponse.java,1
FinishApplicationRequest.java,1
FinishApplicationResponse.java,1
GetAllApplicationsRequest.java,1
GetAllApplicationsResponse.java,1
GetApplicationReportRequest.java,1
GetApplicationReportResponse.java,1
GetClusterMetricsRequest.java,1
GetClusterMetricsResponse.java,1
GetClusterNodesRequest.java,1
GetClusterNodesResponse.java,1
GetContainerStatusRequest.java,1
GetContainerStatusResponse.java,1
GetNewApplicationIdRequest.java,1
GetNewApplicationIdResponse.java,1
GetQueueInfoRequest.java,1
GetQueueInfoResponse.java,1
GetQueueUserAclsInfoRequest.java,1
GetQueueUserAclsInfoResponse.java,1
RegisterApplicationMasterResponse.java,1
StartContainerRequest.java,1
StartContainerResponse.java,1
SubmitApplicationRequest.java,1
SubmitApplicationResponse.java,1
AllocateRequestPBImpl.java,1
FinishApplicationMasterRequestPBImpl.java,1
FinishApplicationMasterResponsePBImpl.java,1
FinishApplicationRequestPBImpl.java,1
FinishApplicationResponsePBImpl.java,1
GetAllApplicationsRequestPBImpl.java,1
GetAllApplicationsResponsePBImpl.java,1
GetApplicationReportRequestPBImpl.java,1
GetApplicationReportResponsePBImpl.java,1
GetClusterMetricsRequestPBImpl.java,1
GetClusterMetricsResponsePBImpl.java,1
GetClusterNodesRequestPBImpl.java,1
GetClusterNodesResponsePBImpl.java,1
GetContainerStatusRequestPBImpl.java,1
GetContainerStatusResponsePBImpl.java,1
GetNewApplicationIdRequestPBImpl.java,1
GetNewApplicationIdResponsePBImpl.java,1
GetQueueInfoRequestPBImpl.java,1
GetQueueInfoResponsePBImpl.java,1
GetQueueUserAclsInfoRequestPBImpl.java,1
GetQueueUserAclsInfoResponsePBImpl.java,1
RegisterApplicationMasterRequestPBImpl.java,1
StartContainerRequestPBImpl.java,1
StartContainerResponsePBImpl.java,1
SubmitApplicationRequestPBImpl.java,1
SubmitApplicationResponsePBImpl.java,1
ApplicationAttemptId.java,1
ApplicationId.java,1
ContainerId.java,1
ContainerState.java,1
LocalResource.java,1
LocalResourceType.java,1
LocalResourceVisibility.java,1
NodeId.java,1
NodeReport.java,2
Priority.java,1
ProtoBase.java,1
QueueACL.java,1
QueueInfo.java,1
QueueState.java,1
QueueUserACLInfo.java,1
Resource.java,1
ResourceRequest.java,1
YarnClusterMetrics.java,1
AMResponsePBImpl.java,1
ApplicationAttemptIdPBImpl.java,1
ApplicationIdPBImpl.java,1
ApplicationMasterPBImpl.java,1
ApplicationStatusPBImpl.java,1
ApplicationSubmissionContextPBImpl.java,1
ContainerIdPBImpl.java,1
ContainerStatusPBImpl.java,1
ContainerTokenPBImpl.java,1
NodeHealthStatusPBImpl.java,1
NodeIdPBImpl.java,1
NodeReportPBImpl.java,1
QueueInfoPBImpl.java,1
QueueUserACLInfoPBImpl.java,1
ResourcePBImpl.java,1
ResourceRequestPBImpl.java,1
YarnClusterMetricsPBImpl.java,1
YarnRemoteException.java,1
YarnRemoteExceptionPBImpl.java,1
ProtoUtils.java,1
AMRMProtocolPBServiceImpl.java,1
ClientRMProtocolPBServiceImpl.java,1
ContainerManagerPBServiceImpl.java,1
RpcClientFactory.java,1
RpcServerFactory.java,1
YarnRemoteExceptionFactory.java,1
HadoopYarnProtoRPC.java,1
ResourceTrackerPBClientImpl.java,1
ResourceTrackerPBServiceImpl.java,1
NodeHeartbeatRequest.java,1
NodeHeartbeatResponse.java,1
RegisterNodeManagerResponse.java,1
NodeHeartbeatRequestPBImpl.java,1
NodeHeartbeatResponsePBImpl.java,1
RegisterNodeManagerResponsePBImpl.java,1
HeartbeatResponsePBImpl.java,1
NodeStatusPBImpl.java,1
RegistrationResponsePBImpl.java,1
ContainerDiagnosticsUpdateEvent.java,1
ContainerResourceFailedEvent.java,1
ResourceRetentionSet.java,1
ContainerLogsRetentionPolicy.java,1
ContainerStartMonitoringEvent.java,1
ContainerStopMonitoringEvent.java,1
TestPBLocalizerRPC.java,1
TestResourceRetention.java,1
NMLivelinessMonitor.java,1
RMAppManagerEvent.java,1
AMLauncherEvent.java,1
RMAppEvent.java,1
RMAppRejectedEvent.java,1
RMAppState.java,1
RMAppAttemptEvent.java,1
RMAppAttemptState.java,1
RMAppAttemptContainerAcquiredEvent.java,1
RMAppAttemptContainerFinishedEvent.java,1
RMAppAttemptLaunchFailedEvent.java,1
RMAppAttemptRegistrationEvent.java,1
RMAppAttemptRejectedEvent.java,1
RMAppAttemptStatusupdateEvent.java,1
RMAppAttemptUnregistrationEvent.java,1
RMContainer.java,1
RMContainerEvent.java,1
RMContainerEventType.java,1
RMContainerFinishedEvent.java,1
RMContainerReservedEvent.java,1
RMContainerState.java,1
RMNodeCleanAppEvent.java,1
RMNodeCleanContainerEvent.java,1
RMNodeEvent.java,1
RMNodeEventType.java,1
RMNodeState.java,1
RMNodeStatusEvent.java,1
NodeResponse.java,1
SchedulerApp.java,1
SchedulerNodeReport.java,1
AppRemovedSchedulerEvent.java,1
ContainerExpiredSchedulerEvent.java,1
NodeAddedSchedulerEvent.java,1
NodeRemovedSchedulerEvent.java,1
NodeUpdateSchedulerEvent.java,1
SchedulerEvent.java,1
SchedulerEventType.java,1
InlineDispatcher.java,1
FSDataset.java,2
TestDataNodeVolumeFailureToleration.java,1
ContentSummaryServlet.java,1
DfsServlet.java,1
ListPathsServlet.java,1
StreamFile.java,2
TestStreamFile.java,2
CachedDNSToSwitchMapping.java,1
DNSToSwitchMapping.java,1
ScriptBasedMapping.java,1
StaticMapping.java,1
TestScriptBasedMapping.java,1
JobInProgress.java,1
JobTracker.java,1
BlockPlacementPolicyRaid.java,1
TestBinaryTokenFile.java,1
TestTokenCacheOldApi.java,1
TestFilterFileSystem.java,4
TestTaskLauncherThreaded.java,1
TaskTracker.java,1
MultipleOutputs.java,1
JobHistory.java,1
TestFSImage.java,1
NameNodeRaidTestUtil.java,1
MRCaching.java,1
TaskDistributedCacheManager.java,1
TrackerDistributedCacheManager.java,1
TestTrackerDistributedCacheManager.java,1
TestTFileJClassComparatorByteArrays.java,2
TestTFileStreams.java,1
TestBlockPlacementPolicyRaid.java,3
TestWriteConfigurationToDFS.java,1
FileInputFormatCounter.java,1
FileOutputFormatCounter.java,1
IncorrectVersionException.java,1
TestDatanodeRegister.java,1
MAPREDUCE-2670. Fixing spelling mistake in FairSchedulerServlet.java,1
FairSchedulerServlet.java,1
ReduceTask.java,1
TaskCounter.java,1
FileInputFormat.java,1
SequenceFileRecordReader.java,1
TestJobCounters.java,1
TestMiniMRDFSSort.java,1
TestMapReduceLocal.java,1
IsolationRunner.java,1
TestIsolationRunner.java,1
TestMapProgress.java,1
TestWriteRead.java,1
hadoop-config,9
BloomMapFile.java,3
CBZip2OutputStream.java,1
TestDFSStorageStateRecovery.java,1
BlockFixer.java,2
...CompressionEmulationEnableForAllTypesOfJobs.java,1
...ssionEmulationForCompressInAndUncompressOut.java,1
...ssionEmulationForUncompressInAndCompressOut.java,1
TestEmulationOfHDFSAndLocalFSDCFiles.java,1
TestEmulationOfHDFSDCFileUsesMultipleJobs.java,1
...ationOfHDFSDCFilesWithDifferentVisibilities.java,1
TestEmulationOfLocalFSDCFiles.java,1
TestGridMixDataGeneration.java,1
TestGridMixFilePool.java,1
...ridmixCompressionEmulationWithCompressInput.java,1
TestGridmixEmulationOfHDFSPrivateDCFile.java,1
TestGridmixEmulationOfHDFSPublicDCFile.java,1
...ridmixEmulationOfMultipleHDFSPrivateDCFiles.java,1
...GridmixEmulationOfMultipleHDFSPublicDCFiles.java,1
TestGridmixWith10minTrace.java,1
TestGridmixWith12minTrace.java,1
TestGridmixWith1minTrace.java,1
TestGridmixWith2minStreamingJobTrace.java,1
TestGridmixWith3minStreamingJobTrace.java,1
TestGridmixWith3minTrace.java,1
TestGridmixWith5minStreamingJobTrace.java,1
TestGridmixWith5minTrace.java,1
TestGridmixWith7minTrace.java,1
GridmixJobVerification.java,1
mapred-config,1
MAPREDUCE-2576. Typo in comment in SimulatorLaunchTaskAction.java,1
SimulatorLaunchTaskAction.java,1
Command.java,3
TestDataNodeExit.java,1
RaidBlockSender.java,1
hadoop-daemon,1
FsShell.java,15
CommandFactory.java,1
FsCommand.java,2
CommandFormat.java,1
Ls.java,1
SetReplication.java,1
Tail.java,1
Test.java,1
Touchz.java,1
TestCommandFormat.java,1
StandardSocketFactory.java,1
DoNotPool.java,1
MD5Hash.java,1
TestMD5Hash.java,1
test-fake,1
TestFsPermission.java,4
TestSinkQueue.java,1
build-contrib,1
FsConfig.java,1
TestLocal_S3FileContextURI.java,1
TestS3_LocalFileContextURI.java,1
SecureIOUtils.java,1
TestSecureIOUtils.java,1
CreateFlag.java,2
DataGenerator.java,1
GangliaContext.java,1
TestGangliaContext.java,1
WritableComparable.java,2
ProtocolSignature.java,2
VersionedProtocol.java,1
Krb5AndCertsSslSocketConnector.java,1
test-patch,9
TestSequenceFile.java,2
SocketInputStream.java,1
S3InputStream.java,1
KerberosName.java,1
BlockDecompressorStream.java,3
TestBlockDecompressorStream.java,3
ManualTestKeytabLogins.java,1
ArrayFile.java,1
AccessControlList.java,3
AvroRpcEngine.java,1
AvroSpecificRpcEngine.java,1
RPC.java,3
RpcEngine.java,1
TestAvroRpc.java,1
FileContextUtilBase.java,2
TestAccessControlList.java,2
RemoteIterator.java,1
FileContextSymlinkBaseTest.java,2
FileContextURIBase.java,1
Groups.java,3
RefreshUserMappingsProtocol.java,2
TestFileSystemCaching.java,5
User.java,2
AbstractDaemonCluster.java,1
TestTFileComparator2.java,1
ProxyUsers.java,1
KosmosFileSystem.java,1
GlobFilter.java,1
GlobPattern.java,1
TestGlobPattern.java,1
hadoop-core,2
MiniRPCBenchmark.java,1
RefreshUserToGroupMappingsProtocol.java,1
RefreshAuthorizationPolicyProtocol.java,1
ZlibFactory.java,1
TestFcLocalFsUtil.java,1
PermissionParser.java,2
UmaskParser.java,2
TestDeprecatedKeys.java,1
TestFilterFs.java,1
Tool.java,1
TestIPCServerResponder.java,2
BuiltInZlibDeflater.java,1
ZlibCompressor.java,1
Options.java,1
ParentNotDirectoryException.java,1
TestFileSystemCaching.java,1
TestSequenceFileSync.java,1
ChmodParser.java,1
FileAlreadyExistsException.java,1
TestGenericsUtil.java,15
BCFile.java,1
BoundedRangeFileInputStream.java,1
ByteArray.java,1
CompareUtils.java,1
Utils.java,1
TestTFile.java,1
MAPREDUCE-739,1
TestStringUtils.java,4